glossary_group	key	official_zh
day_labels	Days.Day1.Name	第Ⅰ天
day_labels	Days.Day1.Name_StartDay	第Ⅰ天
day_labels	Days.Day10.Name	第Ⅹ天
day_labels	Days.Day10.Name_StartDay	第Ⅹ天
day_labels	Days.Day11.Name	第Ⅺ天
day_labels	Days.Day11.Name_StartDay	第Ⅺ天
day_labels	Days.Day12.Name	第Ⅻ天
day_labels	Days.Day12.Name_StartDay	第Ⅻ天
day_labels	Days.Day2.Name	第Ⅱ天
day_labels	Days.Day2.Name_StartDay	第Ⅱ天
day_labels	Days.Day3.Name	第Ⅲ天
day_labels	Days.Day3.Name_StartDay	第Ⅲ天
day_labels	Days.Day4.Name	第Ⅳ天
day_labels	Days.Day4.Name_StartDay	第Ⅳ天
day_labels	Days.Day5.Name	第Ⅴ天
day_labels	Days.Day5.Name_StartDay	第Ⅴ天
day_labels	Days.Day6.Name	第Ⅵ天
day_labels	Days.Day6.Name_StartDay	第Ⅵ天
day_labels	Days.Day7.Name	第Ⅶ天
day_labels	Days.Day7.Name_StartDay	第Ⅶ天
day_labels	Days.Day8.Name	第Ⅷ天
day_labels	Days.Day8.Name_StartDay	第Ⅷ天
day_labels	Days.Day9.Name	第Ⅸ天
day_labels	Days.Day9.Name_StartDay	第Ⅸ天
language_labels	UI.Menu.Settings.Values.LanguageIds.Chinese_Simplified	简体中文
language_labels	UI.Menu.Settings.Values.LanguageIds.None	无
location_names	Locations.Boyni.Name	屠宰场
location_names	Locations.Dubilshikov.Name	鞣匠街
location_names	Locations.Hrebtovka.Name	脊骨
location_names	Locations.Jerlo.Name	喉口区
location_names	Locations.Jerlo_Pochka.Name	喉口区
location_names	Locations.Jilniki.Name	后躯区
location_names	Locations.Kladbishe.Name	墓园
location_names	Locations.Kozevenniy.Name	剥皮场
location_names	Locations.Mnogogrannik.Name	多面体
location_names	Locations.Most_Slough_Eva.Name	静水观星台
location_names	Locations.Most_Square_Horns.Name	拱桥广场
location_names	Locations.Mys.Name	岬角
location_names	Locations.Odong_Village.Name	奥东
location_names	Locations.Pochka.Name	脾
location_names	Locations.Railroad_Station.Name	火车站
location_names	Locations.Raven_Rock_Region.Name	鸦石
location_names	Locations.Rebro.Name	脊肉
location_names	Locations.Sedlo.Name	肋腹
location_names	Locations.Serdechnik.Name	髓
location_names	Locations.Sirie_Zastroiki.Name	粗建地
location_names	Locations.Skladi.Name	仓库
location_names	Locations.Stvorki.Name	心
location_names	Locations.Utroba.Name	肠
location_names	Locations.Water_Tower.Name	水塔
location_names	Locations.Zavodi.Name	工厂
npc_names	Npcs.Aglaya.Name	阿格拉娅
npc_names	Npcs.AndreyStamatin.Name	安德烈·斯塔马京
npc_names	Npcs.Anna.Name	安娜·安琪尔
npc_names	Npcs.Aristarh.Name	病人鸿雁
npc_names	Npcs.Army_Officer.Name	军官
npc_names	Npcs.Army_Soldier.Name	士兵
npc_names	Npcs.Block.Name	亚历山大·布洛克
npc_names	Npcs.Boy.Name	男孩
npc_names	Npcs.Boy_Dormouse.Name	瞌睡虫
npc_names	Npcs.Bull.Name	公牛
npc_names	Npcs.Burakh.Name	肠卜师
npc_names	Npcs.Capella.Name	卡佩拉
npc_names	Npcs.CathedralWarden.Name	看大教堂的人
npc_names	Npcs.Changeling.Name	换生灵
npc_names	Npcs.Charlotte.Name	夏洛特
npc_names	Npcs.Chernyak.Name	病人小黑
npc_names	Npcs.ChessMaestro.Name	象棋俱乐部主管
npc_names	Npcs.Crowd.Name	人群
npc_names	Npcs.Dana.Name	访客戴娜
npc_names	Npcs.Danko.Name	学者
npc_names	Npcs.Death.Name	某个人的死亡
npc_names	Npcs.Decree_BullOwner.Name	布兰特
npc_names	Npcs.Distributor_DeathDecree.Name	分发“死粥”的人
npc_names	Npcs.Egor.Name	访客水鸭
npc_names	Npcs.Elizabeth.Name	访客海鸦
npc_names	Npcs.Eva.Name	伊娃
npc_names	Npcs.Executer.Name	处刑人
npc_names	Npcs.Executor.Name	处刑人
npc_names	Npcs.Gavroche.Name	男孩
npc_names	Npcs.GeorgiyKain.Name	格奥尔基·凯恩
npc_names	Npcs.Girl.Name	女孩
npc_names	Npcs.Girl_Squirell.Name	鼩鼱
npc_names	Npcs.Girl_Teen_Nata.Name	田凫
npc_names	Npcs.Girl_TickTack.Name	滴答
npc_names	Npcs.GovernmentOfficial.Name	书记员
npc_names	Npcs.Grach.Name	白嘴鸦
npc_names	Npcs.Gravedigger.Name	掘墓人
npc_names	Npcs.Grief.Name	恶徒格里夫
npc_names	Npcs.GriefMate.Name	秃鹫
npc_names	Npcs.HandOfTheDead.Name	工头的手
npc_names	Npcs.HerbBride.Name	草药新娘
npc_names	Npcs.Herdsman_RavenRock.Name	牧羊人
npc_names	Npcs.HoundheadBoy.Name	狗头人
npc_names	Npcs.HoundheadGirl.Name	娜塔
npc_names	Npcs.HoundheadMessenger.Name	巴迪
npc_names	Npcs.HoundheadTishka.Name	怪人
npc_names	Npcs.Investigator.Name	调查警督
npc_names	Npcs.Izek.Name	伊泽克
npc_names	Npcs.IzekPatrolman.Name	巡逻的人
npc_names	Npcs.Julia.Name	尤利娅·卢里切娃
npc_names	Npcs.Kamil.Name	秧鸡
npc_names	Npcs.Kanjur.Name	甘珠尔
npc_names	Npcs.Karina.Name	访客勺嘴鹬
npc_names	Npcs.Khan.Name	可汗
npc_names	Npcs.Klava.Name	女人
npc_names	Npcs.Klim.Name	夜鹰
npc_names	Npcs.Kondrat.Name	红隼
npc_names	Npcs.LaraRavel.Name	拉拉·拉维尔
npc_names	Npcs.Laska.Name	格蕾丝
npc_names	Npcs.Maid.Name	卡佩拉的女仆
npc_names	Npcs.Mailman.Name	邮差
npc_names	Npcs.Marat.Name	马拉特
npc_names	Npcs.Maria.Name	玛丽亚
npc_names	Npcs.Mark.Name	不死之人马克
npc_names	Npcs.Martha.Name	女人
npc_names	Npcs.Matvey.Name	马拉特
npc_names	Npcs.Mavra.Name	访客莫拉
npc_names	Npcs.Merchant.Name	小贩
npc_names	Npcs.Militia.Name	巡逻的人
npc_names	Npcs.Mishka.Name	米什卡
npc_names	Npcs.Mona.Name	莫娜
npc_names	Npcs.Nata.Name	娜塔
npc_names	Npcs.NativeAigul.Name	部落妇女
npc_names	Npcs.Neighbor.Name	邻居
npc_names	Npcs.Nikita.Name	访客海鹦
npc_names	Npcs.Odong.Name	奥东
npc_names	Npcs.OldMan.Name	老人
npc_names	Npcs.Olgimsky.Name	奥尔金斯基
npc_names	Npcs.Orderly.Name	护理员
npc_names	Npcs.Paramon.Name	田凫
npc_names	Npcs.patient_Astrild.Name	病人燕鸥
npc_names	Npcs.patient_GodsFool.Name	病人波波克
npc_names	Npcs.patient_GodsFool_Bad.Name	恶人
npc_names	Npcs.patient_GodsFool_Evil.Name	丑人
npc_names	Npcs.patient_GodsFool_Good.Name	善人
npc_names	Npcs.patient_Kira_Stakhovyak.Name	拉撒路
npc_names	Npcs.patient_Mirosya.Name	病人塞壬
npc_names	Npcs.patient_Platon.Name	病人夜莺
npc_names	Npcs.patient_Poshinok.Name	病人红腹灰雀
npc_names	Npcs.PetrStamatin.Name	彼得·斯塔马京
npc_names	Npcs.Platon.Name	访客海雀
npc_names	Npcs.Pochinka.Name	波钦卡
npc_names	Npcs.Prokop.Name	普拉东
npc_names	Npcs.Prologue_Guardian.Name	守卫
npc_names	Npcs.Prologue_Hall_Crowd.Name	旁观的人
npc_names	Npcs.Prologue_PatientOne.Name	鲁塔
npc_names	Npcs.Prologue_PatientThree.Name	菲拉特
npc_names	Npcs.Prologue_PatientTwo.Name	芬奇
npc_names	Npcs.Rubin.Name	鲁宾
npc_names	Npcs.Saburov.Name	萨布罗夫
npc_names	Npcs.SakhMen.Name	萨克·曼
npc_names	Npcs.Serafima.Name	谢拉菲玛
npc_names	Npcs.Sergei.Name	鲁夫
npc_names	Npcs.Shabnak.Name	泥魔女
npc_names	Npcs.SickAristarh.Name	病人鸿雁
npc_names	Npcs.SickVasiliy.Name	病人松雀
npc_names	Npcs.Signalman.Name	扳道工
npc_names	Npcs.Spichka.Name	小钉
npc_names	Npcs.Stepan.Name	访客交嘴雀
npc_names	Npcs.StreetCleaner.Name	看管人
npc_names	Npcs.Tamara.Name	访客海鸥
npc_names	Npcs.TanatColleagueN.Name	助手N
npc_names	Npcs.Timophey.Name	访客松鸡
npc_names	Npcs.Tolkoviy.Name	病人嘲鸫
npc_names	Npcs.Toma.Name	兰戈拉
npc_names	Npcs.Tragedian.Name	悲剧演员
npc_names	Npcs.Valeria.Name	瓦莱里娅
npc_names	Npcs.Valeriy.Name	访客沙锥鸟
npc_names	Npcs.Vasiliy.Name	病人松雀
npc_names	Npcs.VasilysNeighbor.Name	菲拉特的邻居
npc_names	Npcs.Vatson.Name	雅科夫·利特尔
npc_names	Npcs.VictorKain.Name	维克多·凯恩
npc_names	Npcs.Vishnya.Name	樱桃
npc_names	Npcs.Visitor.Name	访客
npc_names	Npcs.visitor_Kopyto.Name	访客蹄足
npc_names	Npcs.Voronika.Name	维罗妮卡·克罗伊
npc_names	Npcs.Weaver.Name	织工
npc_names	Npcs.Worker_Akulich.Name	工厂工人
npc_names	Npcs.WorkerIzek.Name	男人
npc_names	Npcs.YoungVlad.Name	小弗拉德
npc_names	Npcs.Zakhar.Name	访客雨燕
npc_names	Npcs.ZakirOldman.Name	草原住民
npc_names	Npcs.Zhitochnik.Name	病人硬汉
npc_names	Npcs.Zoya.Name	访客金莺
ui_controls	UI.ControlsInfo.Aim	瞄准
ui_controls	UI.ControlsInfo.Barter	交易
ui_controls	UI.ControlsInfo.Camera	镜头
ui_controls	UI.ControlsInfo.FastSlot	扔火柴
ui_controls	UI.ControlsInfo.Gun	拔出/放回手枪
ui_controls	UI.ControlsInfo.Interact	互动
ui_controls	UI.ControlsInfo.Inventory	物品栏
ui_controls	UI.ControlsInfo.Map	地图
ui_controls	UI.ControlsInfo.Mindmap	思维导图
ui_controls	UI.ControlsInfo.Movement	行动
ui_controls	UI.ControlsInfo.NextItem	下一个快速槽位
ui_controls	UI.ControlsInfo.Notes	笔记
ui_controls	UI.ControlsInfo.Pause	暂停
ui_controls	UI.ControlsInfo.PrevItem	上一个快速槽位
ui_controls	UI.ControlsInfo.Prototype	装备/收起原型器具
ui_controls	UI.ControlsInfo.Quickslots	快速存档槽位
ui_controls	UI.ControlsInfo.Reload	重新装填
ui_controls	UI.ControlsInfo.Shoot	使用工具/开枪
ui_controls	UI.ControlsInfo.Sprint	（按住）- 奔跑
ui_controls	UI.ControlsInfo.Tablet	病历簿
ui_controls	UI.ControlsInfo.Tags	（按住）- 专注模式
ui_controls	UI.ControlsInfo.WeaponSelector	（按住）- 武器选择
ui_current_time	UI.CurrentTime.Dead	死亡
ui_current_time	UI.CurrentTime.Today	今天
ui_game_window	UI.GameWindowSelector.Inventory	物品栏
ui_game_window	UI.GameWindowSelector.Map	地图
ui_game_window	UI.GameWindowSelector.MindMap	想法
ui_game_window	UI.GameWindowSelector.Notes	笔记
ui_game_window	UI.GameWindowSelector.Quest	任务
ui_game_window	UI.GameWindowSelector.QuestInventory	圣物
ui_game_window	UI.GameWindowSelector.QuestLog	日记
ui_game_window	UI.GameWindowSelector.Tablet	病历簿
ui_interaction	UI.Interact.Break	打碎
ui_interaction	UI.Interact.Cloud	想法
ui_interaction	UI.Interact.Dialog	交谈
ui_interaction	UI.Interact.DialogUnavailableApat	还有什么开口说话的必要么……对一切都很冷漠……
ui_interaction	UI.Interact.DialogUnavailablePsycho	我没法说话了！这个世界充斥着狂躁！
ui_interaction	UI.Interact.Disable	关闭
ui_interaction	UI.Interact.Enable	打开
ui_interaction	UI.Interact.Enter	打开
ui_interaction	UI.Interact.EnterDoor	打开
ui_interaction	UI.Interact.Hit	击打
ui_interaction	UI.Interact.Inspection	检查
ui_interaction	UI.Interact.Interact	使用
ui_interaction	UI.Interact.Kick	踢
ui_interaction	UI.Interact.Leave	打开
ui_interaction	UI.Interact.Loot	搜刮
ui_interaction	UI.Interact.Press	按下
ui_interaction	UI.Interact.Probe	拿取样本
ui_interaction	UI.Interact.Push	推
ui_interaction	UI.Interact.Sit	坐下
ui_interaction	UI.Interact.Spin	旋转
ui_interaction	UI.Interact.Stop	停止
ui_interaction	UI.Interact.Take	拿取
ui_interaction	UI.Interact.Trade	交易
ui_interaction	UI.InteractObjects.InteractObjectHeaders.Analyser	分析物品
ui_interaction	UI.InteractObjects.InteractObjectHeaders.Clock	时钟
ui_interaction	UI.InteractObjects.InteractObjectHeaders.Craft	调配药剂
ui_interaction	UI.InteractObjects.InteractObjectHeaders.SprayWeaponBulletGenerator	准备充能
ui_interaction	UI.InteractObjects.InteractObjectHeaders.SprayWeaponCharger	充能原型器具
ui_interaction	UI.InteractObjects.InteractObjectHeaders.StaffTable	审阅法令
ui_interaction	UI.InteractObjects.InteractObjectHeaders.TimeTravelClock	回溯过往
ui_loot	UI.LootWindow.Buttons.TakeAll	全部拿取
ui_loot	UI.LootWindow.Headers.Inventory	物品栏
ui_loot	UI.LootWindow.Headers.QuestInventory	圣物
ui_menu	UI.Menu.BottomButtons.Apply	应用
ui_menu	UI.Menu.BottomButtons.Cancel	返回
ui_menu	UI.Menu.BottomButtons.CloseTutorial	继续
ui_menu	UI.Menu.BottomButtons.ContextMenu	菜单
ui_menu	UI.Menu.BottomButtons.CraftClearSlots	清空槽位
ui_menu	UI.Menu.BottomButtons.CraftRecipes	所有制作配方
ui_menu	UI.Menu.BottomButtons.CraftUseRecipes	使用制作配方
ui_menu	UI.Menu.BottomButtons.DiagnosisDescription	诊断描述
ui_menu	UI.Menu.BottomButtons.EuthanasiaInject	管理
ui_menu	UI.Menu.BottomButtons.OpenStaffCommands	改变法令
ui_menu	UI.Menu.BottomButtons.ReadNote	阅读
ui_menu	UI.Menu.BottomButtons.RemoveStaffCommand	移除法令
ui_menu	UI.Menu.BottomButtons.Submit	确认诊断
ui_menu	UI.Menu.BottomButtons.Tablet	打开病历簿
ui_menu	UI.Menu.BottomButtons.TabletAllDays	所有病人
ui_menu	UI.Menu.BottomButtons.TabletDiagnosis	锁定诊断（按住）
ui_menu	UI.Menu.BottomButtons.Tags	想法
ui_menu	UI.Menu.BottomButtons.TakeAll	全部拿取
ui_menu	UI.Menu.BottomButtons.TooltipOff	禁用描述
ui_menu	UI.Menu.BottomButtons.TooltipOn	启用描述
ui_menu	UI.Menu.BottomButtons.Trade	交易
ui_menu	UI.Menu.Buttons.Apply	应用
ui_menu	UI.Menu.Buttons.Back	返回
ui_menu	UI.Menu.Buttons.Cancel	取消
ui_menu	UI.Menu.LoadGame.Cancel	取消
ui_menu	UI.Menu.LoadGame.Delete	删除存档
ui_menu	UI.Menu.LoadGame.Header	载入游戏
ui_menu	UI.Menu.LoadGame.LastSaveDateTimeFormat	最后存档：<year>,<month>.<day>.<hour>:<minute>
ui_menu	UI.Menu.LoadGame.Load	载入游戏
ui_menu	UI.Menu.LoadGame.SaveNameFormat	第<day>天，<hours>:<minutes>, <building>
ui_menu	UI.Menu.Main.ContinueGame	继续
ui_menu	UI.Menu.Main.Credits	制作人员名单
ui_menu	UI.Menu.Main.CustomGame	自定义游戏
ui_menu	UI.Menu.Main.Exit	离开
ui_menu	UI.Menu.Main.Hospital	医院
ui_menu	UI.Menu.Main.Hub	中心
ui_menu	UI.Menu.Main.LoadGame	载入游戏
ui_menu	UI.Menu.Main.LoadLocation	载入场景
ui_menu	UI.Menu.Main.NewGame	新游戏
ui_menu	UI.Menu.Main.Settings	设置
ui_menu	UI.Menu.Pause.Back	返回游戏
ui_menu	UI.Menu.Pause.Exit	退出游戏
ui_menu	UI.Menu.Pause.Load	载入游戏
ui_menu	UI.Menu.Pause.MainMenu	主菜单
ui_menu	UI.Menu.Pause.Save	保存游戏
ui_menu	UI.Menu.Settings.AudioHint.EffectsVolume	控制音效音量
ui_menu	UI.Menu.Settings.AudioHint.MasterVolume	控制主音量
ui_menu	UI.Menu.Settings.AudioHint.MusicVolume	控制音乐音量
ui_menu	UI.Menu.Settings.AudioHint.VoiceVolume	控制画外音音量
ui_menu	UI.Menu.Settings.AudioName.BaseAudio	音频
ui_menu	UI.Menu.Settings.AudioName.EffectsVolume	效果
ui_menu	UI.Menu.Settings.AudioName.MasterVolume	主音量
ui_menu	UI.Menu.Settings.AudioName.MusicVolume	音乐
ui_menu	UI.Menu.Settings.AudioName.VoiceVolume	画外音
ui_menu	UI.Menu.Settings.CategorieStateEnum.Audio	音频
ui_menu	UI.Menu.Settings.CategorieStateEnum.Controls	控制
ui_menu	UI.Menu.Settings.CategorieStateEnum.Display	显示
ui_menu	UI.Menu.Settings.CategorieStateEnum.Graphics	图形
ui_menu	UI.Menu.Settings.CategorieStateEnum.None	无
ui_menu	UI.Menu.Settings.CategorieStateEnum.Other	其他
ui_menu	UI.Menu.Settings.DisplayHint.Gamma	控制屏幕亮度
ui_menu	UI.Menu.Settings.DisplayHint.Resolution	控制游戏窗口分辨率。
ui_menu	UI.Menu.Settings.DisplayHint.VSyncCount	控制屏幕同步，消除水平撕裂伪影。
ui_menu	UI.Menu.Settings.DisplayHint.WindowType	控制游戏窗口类型，推荐选择无边框模式。
ui_menu	UI.Menu.Settings.DisplayName.BaseDisplay	基础渲染
ui_menu	UI.Menu.Settings.DisplayName.Gamma	伽马值
ui_menu	UI.Menu.Settings.DisplayName.Resolution	分辨率
ui_menu	UI.Menu.Settings.DisplayName.VSyncCount	垂直同步
ui_menu	UI.Menu.Settings.DisplayName.WindowType	游戏窗口
ui_menu	UI.Menu.Settings.GraphicsHint.AnisoFiltering	消除在斜角查看纹理时的模糊。对于大多数现代GPU来说，这是一种相对较轻的效果。
ui_menu	UI.Menu.Settings.GraphicsHint.Antialiasing	平滑画面并消除锯齿。时序抗锯齿上采样在画质和性能之间提供最佳平衡，并加速某些效果的渲染。
ui_menu	UI.Menu.Settings.GraphicsHint.ContactShadowsQuality	为小物体添加微妙的尖锐阴影。
ui_menu	UI.Menu.Settings.GraphicsHint.DrawDistance	控制某些物体可见的距离。更高的质量可能会降低CPU和GPU性能。
ui_menu	UI.Menu.Settings.GraphicsHint.MotionBlurIntensity	控制运动模糊效果的强度。在低帧率下玩游戏时，建议降低此设置。
ui_menu	UI.Menu.Settings.GraphicsHint.MotionBlurQuality	为快速的相机和物体运动添加轻微模糊，提升图像流畅度。
ui_menu	UI.Menu.Settings.GraphicsHint.Null	无
ui_menu	UI.Menu.Settings.GraphicsHint.PCSSQuality	控制PCSS算法的步骤数量。更高的质量可能会降低GPU性能。
ui_menu	UI.Menu.Settings.GraphicsHint.ResolutionScale	控制渲染分辨率。降低此参数可能提高性能。建议在较低值下使用时序抗锯齿上采样抗锯齿。
ui_menu	UI.Menu.Settings.GraphicsHint.ShadowFilteringType	控制阴影过滤算法。阴影技术通过在投射表面与接收表面距离较远时增加模糊度，使阴影更加真实。
ui_menu	UI.Menu.Settings.GraphicsHint.ShadowResolution	控制阴影分辨率。更高质量可以减少模糊并提高清晰度，但会占用更多显存并降低GPU性能。
ui_menu	UI.Menu.Settings.GraphicsHint.SSAOQuality	为场景添加环境阴影，减少缝隙和狭窄区域的光照。
ui_menu	UI.Menu.Settings.GraphicsHint.SSRQuality	为场景添加屏幕空间反射效果，提升表面视觉表现。更高质量可以提高效果精度，但会降低GPU性能。
ui_menu	UI.Menu.Settings.GraphicsHint.SSSQuality	模拟某些材料中的复杂光散射。更高的质量增加散射步骤的数量，从而提高效果质量。
ui_menu	UI.Menu.Settings.GraphicsHint.TextureStreamingBudget	控制分配给纹理材质的显存容量。提高该参数可减少材质接缝与模糊现象，但若显存耗尽将导致性能显著下降。
ui_menu	UI.Menu.Settings.GraphicsHint.Upscaling	控制高级帧重建和抗锯齿技术的使用。
ui_menu	UI.Menu.Settings.GraphicsHint.UpscalingQuality	控制内部渲染分辨率。调低分辨率预设可提升运行性能，但会降低画面清晰度。
ui_menu	UI.Menu.Settings.GraphicsHint.UpscalingSharpening	控制在开启图像放大时的锐化程度。调高参数可减轻模糊效果，但可能导致伪影更为明显。
ui_menu	UI.Menu.Settings.GraphicsHint.VolumetricLightingQuality	添加体积光散射和雾效。更高的质量可以提高效果的分辨率，但会降低GPU性能。
ui_menu	UI.Menu.Settings.GraphicsName.AnisotropicFiltering	各向异性过滤
ui_menu	UI.Menu.Settings.GraphicsName.Antialiasing	反锯齿
ui_menu	UI.Menu.Settings.GraphicsName.BaseRendering	基础渲染
ui_menu	UI.Menu.Settings.GraphicsName.ContactShadowsQuality	接触阴影质量
ui_menu	UI.Menu.Settings.GraphicsName.DrawDistance	绘制距离
ui_menu	UI.Menu.Settings.GraphicsName.Effects	效果
ui_menu	UI.Menu.Settings.GraphicsName.GraphicsTextures	图像纹理
ui_menu	UI.Menu.Settings.GraphicsName.Lighting	光照效果
ui_menu	UI.Menu.Settings.GraphicsName.Lods	细节层次
ui_menu	UI.Menu.Settings.GraphicsName.MotionBlurIntensity	动态模糊效果强度
ui_menu	UI.Menu.Settings.GraphicsName.MotionBlurQuality	动态模糊效果质量
ui_menu	UI.Menu.Settings.GraphicsName.PCSSQuality	软阴影质量
ui_menu	UI.Menu.Settings.GraphicsName.ResolutionScale	分辨率
ui_menu	UI.Menu.Settings.GraphicsName.ShadowFilteringType	阴影过滤类型
ui_menu	UI.Menu.Settings.GraphicsName.ShadowResolution	阴影分辨率
ui_menu	UI.Menu.Settings.GraphicsName.Shadows	阴影
ui_menu	UI.Menu.Settings.GraphicsName.SSAOQuality	屏幕空间环境光遮蔽质量
ui_menu	UI.Menu.Settings.GraphicsName.SSRQuality	环境光散射质量
ui_menu	UI.Menu.Settings.GraphicsName.SSSQuality	三重超级质量
ui_menu	UI.Menu.Settings.GraphicsName.TextureStreamingBudget	纹理流送预算
ui_menu	UI.Menu.Settings.GraphicsName.Upscaling	超采样
ui_menu	UI.Menu.Settings.GraphicsName.UpscalingQuality	超采样质量
ui_menu	UI.Menu.Settings.GraphicsName.UpscalingSharpening	锐化
ui_menu	UI.Menu.Settings.GraphicsName.VolumetricLightingQuality	体积光效果质量
ui_menu	UI.Menu.Settings.OtherHint.HUDVariant	主HUD布局：冷漠/狂躁条，肉体健康和混合物指示器
ui_menu	UI.Menu.Settings.OtherHint.InvertMouse	翻转鼠标垂直轴（向前移动鼠标以向下看）
ui_menu	UI.Menu.Settings.OtherHint.Language	文本语言：对话、字幕和物品描述
ui_menu	UI.Menu.Settings.OtherHint.MouseSensitivity	光标移动速度
ui_menu	UI.Menu.Settings.OtherHint.Replicas	语音语言：角色台词和暴徒喊叫
ui_menu	UI.Menu.Settings.OtherHint.StreamerMode	隐藏裸露内容
ui_menu	UI.Menu.Settings.OtherName.Group	通用
ui_menu	UI.Menu.Settings.OtherName.HUDVariant	HUD布局
ui_menu	UI.Menu.Settings.OtherName.InvertMouse	鼠标翻转
ui_menu	UI.Menu.Settings.OtherName.Language	语言
ui_menu	UI.Menu.Settings.OtherName.MouseSensitivity	鼠标灵敏度
ui_menu	UI.Menu.Settings.OtherName.Replicas	声音
ui_menu	UI.Menu.Settings.OtherName.StreamerMode	直播模式
ui_menu	UI.Menu.Settings.SettingsLabel.Gamma	伽玛调节
ui_menu	UI.Menu.Settings.SettingsLabel.GammaHint	调整伽马值，调到看不见最左边的面具
ui_menu	UI.Menu.Settings.Values.AntialiasingType.FXAA	快速近似抗锯齿
ui_menu	UI.Menu.Settings.Values.AntialiasingType.None	无
ui_menu	UI.Menu.Settings.Values.AntialiasingType.SMAA	超级多重采样抗锯齿
ui_menu	UI.Menu.Settings.Values.AntialiasingType.TAAU	时序抗锯齿上采样
ui_menu	UI.Menu.Settings.Values.HDRPShadowFilteringMethod.PCF	阴影柔化
ui_menu	UI.Menu.Settings.Values.HDRPShadowFilteringMethod.PCSS	自适应软阴影
ui_menu	UI.Menu.Settings.Values.HUDVariant.Variant1	一体化功能栏
ui_menu	UI.Menu.Settings.Values.HUDVariant.Variant2	屏幕左右两侧对称显示的双功能栏
ui_menu	UI.Menu.Settings.Values.QualityLevel_Off_VL_L_M_H_VH_U.High	高
ui_menu	UI.Menu.Settings.Values.QualityLevel_Off_VL_L_M_H_VH_U.Low	低
ui_menu	UI.Menu.Settings.Values.QualityLevel_Off_VL_L_M_H_VH_U.Medium	中等
ui_menu	UI.Menu.Settings.Values.QualityLevel_Off_VL_L_M_H_VH_U.Off	关闭
ui_menu	UI.Menu.Settings.Values.QualityLevel_Off_VL_L_M_H_VH_U.Ultra	极高
ui_menu	UI.Menu.Settings.Values.QualityLevel_Off_VL_L_M_H_VH_U.VeryHigh	非常高
ui_menu	UI.Menu.Settings.Values.QualityLevel_Off_VL_L_M_H_VH_U.VeryLow	非常低
ui_menu	UI.Menu.Settings.Values.QualityLevel_VL_L_M_H_VH_U.High	高
ui_menu	UI.Menu.Settings.Values.QualityLevel_VL_L_M_H_VH_U.Low	低
ui_menu	UI.Menu.Settings.Values.QualityLevel_VL_L_M_H_VH_U.Medium	中等
ui_menu	UI.Menu.Settings.Values.QualityLevel_VL_L_M_H_VH_U.Ultra	极高
ui_menu	UI.Menu.Settings.Values.QualityLevel_VL_L_M_H_VH_U.VeryHigh	非常高
ui_menu	UI.Menu.Settings.Values.QualityLevel_VL_L_M_H_VH_U.VeryLow	非常低
ui_menu	UI.Menu.Settings.Values.UpscalingQuality.Balanced	平衡
ui_menu	UI.Menu.Settings.Values.UpscalingQuality.Native	原始
ui_menu	UI.Menu.Settings.Values.UpscalingQuality.Performance	性能
ui_menu	UI.Menu.Settings.Values.UpscalingQuality.Quality	质量
ui_menu	UI.Menu.Settings.Values.UpscalingQuality.UltraPerformance	极高性能
ui_menu	UI.Menu.Settings.Values.UpscalingType.DLSS	深度学习超级采样
ui_menu	UI.Menu.Settings.Values.UpscalingType.FSR2	高品质画质
ui_menu	UI.Menu.Settings.Values.UpscalingType.None	无
ui_menu	UI.Menu.Settings.Values.VSyncCount.Fourth	1月4日
ui_menu	UI.Menu.Settings.Values.VSyncCount.Half	1月2日
ui_menu	UI.Menu.Settings.Values.VSyncCount.None	关闭
ui_menu	UI.Menu.Settings.Values.VSyncCount.One	打开
ui_menu	UI.Menu.Settings.Values.VSyncCount.Third	1月3日
ui_menu	UI.Menu.Settings.Values.WindowType.Borderless	无边框全屏
ui_menu	UI.Menu.Settings.Values.WindowType.ExclusiveFullscreen	独占全屏
ui_menu	UI.Menu.Settings.Values.WindowType.Windowed	窗口化
ui_message_box	UI.Commons.MessageBox.Buttons.Cancel	取消
ui_message_box	UI.Commons.MessageBox.Buttons.Ok	好
ui_messengers	UI.MessengersWindow.Buttons.Send	送出
ui_messengers	UI.MessengersWindow.MessengerQuests.Completed	已完成
ui_messengers	UI.MessengersWindow.MessengerQuests.Failed	已失败
ui_messengers	UI.MessengersWindow.MessengerQuests.InWork	进行中
ui_messengers	UI.MessengersWindow.MessengerQuests.Quest	任务
ui_messengers	UI.MessengersWindow.Messengers.Died	已死亡
ui_messengers	UI.MessengersWindow.Messengers.Messenger	送信人
ui_messengers	UI.MessengersWindow.Messengers.Survived	已幸存
ui_messengers	UI.MessengersWindow.Titles.Aadministration	管理
ui_messengers	UI.MessengersWindow.Titles.Guarantors	保证人
ui_messengers	UI.MessengersWindow.Titles.Quests	任务道具
ui_messengers	UI.MessengersWindow.Titles.Report	报告
ui_mind	UI.MindWindow.Buttons.Help	帮助
ui_mind	UI.MindWindow.Buttons.StartDay	开始新的一天
ui_mind	UI.MindWindow.KeyNodeHint.KeyNodeHint	可在此处更改
ui_mind	UI.MindWindow.MindTooltip.Description	\t过去可以改变，而过去一旦改变，未来也会重写。只要还有时间，你就可以反复重来，撤销做出的选择。将鼠标悬停在长链的最后一个节点上，单击鼠标右键，即可撤销。看节点的边角可以看出来哪个是最后一个节点。
ui_mind	UI.MindWindow.MindTooltip.Name	重新开始这一天
ui_mind	UI.MindWindow.ResetPlace.ResetQuest	改变事件的进程
ui_mind	UI.MindWindow.ResetPlace.RevertQuest	重置进度
ui_tablet	UI.Tablet.Conclusion.Correct	治疗起效了，病人逐渐康复。
ui_tablet	UI.Tablet.Conclusion.NotCorrect	治疗失败了，病人已去世。
ui_tablet	UI.Tablet.Conclusion.Reset	重置
ui_tablet	UI.Tablet.ConclusionShort.Died	误诊
ui_tablet	UI.Tablet.ConclusionShort.Survived	已确认诊断
ui_tablet	UI.Tablet.Function.Workless	无业
ui_tablet	UI.Tablet.General.AffectedOrgans	受影响的器官：
ui_tablet	UI.Tablet.General.PossibleDiagnoses	疑似诊断：
ui_tablet	UI.Tablet.GetReports.CalculateAllConclusion	病例报告准备好了。打开病历簿即可查看病例报告。
ui_tablet	UI.Tablet.GetReports.NoPersonalFiles	没有医院病例
ui_tablet	UI.Tablet.GetReports.NotAllApproved	所有病例都应得到确诊。
ui_tablet	UI.Tablet.PersonalFileWindow.Age	年龄：
ui_tablet	UI.Tablet.PersonalFileWindow.BadHabits	不良嗜好：
ui_tablet	UI.Tablet.PersonalFileWindow.Day	天数：
ui_tablet	UI.Tablet.PersonalFileWindow.Diagnosis	诊断：
ui_tablet	UI.Tablet.PersonalFileWindow.FamilyStatus	材料状态：
ui_tablet	UI.Tablet.PersonalFileWindow.Name	名字：
ui_tablet	UI.Tablet.PersonalFileWindow.PersonalFile	病历文件
ui_tablet	UI.Tablet.PersonalFileWindow.PlaceHolder	没有病历文件
ui_tablet	UI.Tablet.PersonalFileWindow.SuspectedSymptoms	疑似症状：
ui_tablet	UI.Tablet.PersonalFileWindow.Work	工作：
ui_tablet	UI.Tablet.RightMenu.Directory	概略
ui_tablet	UI.Tablet.RightMenu.Patients	病人
ui_tablet	UI.Tablet.RightMenu.PersonalFile	病历文件
ui_tablet	UI.Tablet.RightMenu.SandUlcer	沙疫
ui_tablet	UI.Tablet.Seal.Interactable	确认诊断
ui_tablet	UI.Tablet.Seal.UnInteractable	已确认诊断
ui_tablet	UI.Tablet.Titles.Age	年龄
ui_tablet	UI.Tablet.Titles.AllPatientsTab	所有病人
ui_tablet	UI.Tablet.Titles.APDay	天
ui_tablet	UI.Tablet.Titles.APDiagnosis	诊断
ui_tablet	UI.Tablet.Titles.APPatients	所有病人
ui_tablet	UI.Tablet.Titles.APStatus	状态
ui_tablet	UI.Tablet.Titles.ArrivalDate	入院日期
ui_tablet	UI.Tablet.Titles.CurrentDayTab	今天
ui_tablet	UI.Tablet.Titles.Diagnoses	诊断
ui_tablet	UI.Tablet.Titles.Diagnosis	诊断
ui_tablet	UI.Tablet.Titles.DiagnosisApproved	确认诊断
ui_tablet	UI.Tablet.Titles.Habits	不良嗜好
ui_tablet	UI.Tablet.Titles.Inspection	既往症发病原因
ui_tablet	UI.Tablet.Titles.Location	住所
ui_tablet	UI.Tablet.Titles.Name	名字
ui_tablet	UI.Tablet.Titles.NextDayTab	下一天
ui_tablet	UI.Tablet.Titles.PersonalFile	医用图表
ui_tablet	UI.Tablet.Titles.PersonalFileDay	天
ui_tablet	UI.Tablet.Titles.PrevDay	前一天
ui_tablet	UI.Tablet.Titles.Status	婚姻状况
ui_tablet	UI.Tablet.Titles.Symptoms	临床表现
ui_tablet	UI.Tablet.Titles.SymptomsView	疑似症状
ui_tablet	UI.Tablet.Titles.Work	工作
ui_tablet	UI.Tablet.VaccineTooltip.DescriptionAvailable	明天，我们将尝试用它为镇上的人接种。看看这次免疫力能持续多久。
ui_tablet	UI.Tablet.VaccineTooltip.DescriptionNotAvailable	为了制造疫苗，需要更准确地诊断与沙疫相关的并发疾病。
ui_tablet	UI.Tablet.VaccineTooltip.StatusAvailable	已获得
ui_tablet	UI.Tablet.VaccineTooltip.StatusNotAvailable	未获得
ui_tablet	UI.Tablet.VaccineTooltip.StatusTitle	状态
ui_tablet	UI.Tablet.VaccineTooltip.Title	疫苗
ui_time_over	UI.TimeOver.TimeOver	时间到
ui_trade	UI.TradeWindow.Buttons.Change	交易
